"pos","last","first","numfirstlast","firstlast","index","player.id","pC","pL","pR","pD","pG"
"","","",""," ",1,1,0,0,0,0,0
"D","Alzner","Karl","27 KARL ALZNER","Karl Alzner",2,2,0,0,0,82,0
"C","Backstrom","Nicklas","19 NICKLAS BACKSTROM","Nicklas Backstrom",3,3,82,0,0,0,0
"D","Beaulieu","Nathan","28 NATHAN BEAULIEU","Nathan Beaulieu",4,4,0,0,0,3,0
"R","Bourque","Rene","17 RENE BOURQUE","Rene Bourque",5,5,0,0,1,0,0
"R","Brouwer","Troy","20 TROY BROUWER","Troy Brouwer",6,6,0,0,82,0,0
"C","Brown","Chris","67 CHRIS BROWN","Chris Brown",7,7,5,0,0,0,0
"L","Burakovsky","Andre","65 ANDRE BURAKOVSKY","Andre Burakovsky",8,8,0,53,0,0,0
"D","Carlson","John","74 JOHN CARLSON","John Carlson",9,9,0,0,0,82,0
"L","Chimera","Jason","25 JASON CHIMERA","Jason Chimera",10,10,0,77,0,0,0
"C","Desharnais","David","51 DAVID DESHARNAIS","David Desharnais",11,11,3,0,0,0,0
"C","Eller","Lars","81 LARS ELLER","Lars Eller",12,12,3,0,0,0,0
"D","Emelin","Alexei","74 ALEXEI EMELIN","Alexei Emelin",13,13,0,0,0,3,0
"R","Fehr","Eric","16 ERIC FEHR","Eric Fehr",14,14,29,0,46,0,0
"C","Galchenyuk","Alex","27 ALEX GALCHENYUK","Alex Galchenyuk",15,15,3,0,0,0,0
"R","Gallagher","Brendan","11 BRENDAN GALLAGHER","Brendan Gallagher",16,16,0,0,3,0,0
"D","Gilbert","Tom","77 TOM GILBERT","Tom Gilbert",17,17,0,0,0,3,0
"D","Hillen","Jack","38 JACK HILLEN","Jack Hillen",18,18,0,0,0,35,0
"G","Holtby","Braden","70 BRADEN HOLTBY","Braden Holtby",19,19,0,0,0,0,82
"C","Johansson","Marcus","90 MARCUS JOHANSSON","Marcus Johansson",20,20,15,67,0,0,0
"C","Kuznetsov","Evgeny","92 EVGENY KUZNETSOV","Evgeny Kuznetsov",21,21,80,0,0,0,0
"C","Laich","Brooks","21 BROOKS LAICH","Brooks Laich",22,22,66,0,0,0,0
"C","Malhotra","Manny","20 MANNY MALHOTRA","Manny Malhotra",23,23,2,0,0,0,0
"D","Markov","Andrei","79 ANDREI MARKOV","Andrei Markov",24,24,0,0,0,3,0
"L","Moen","Travis","32 TRAVIS MOEN","Travis Moen",25,25,0,1,0,0,0
"D","Niskanen","Matt","2 MATT NISKANEN","Matt Niskanen",26,26,0,0,0,82,0
"C","O'brien","Liam","87 LIAM O'BRIEN","Liam O'brien",27,27,13,0,0,0,0
"D","Orpik","Brooks","44 BROOKS ORPIK","Brooks Orpik",28,28,0,0,0,78,0
"L","Ovechkin","Alex","8 ALEX OVECHKIN","Alex Ovechkin",29,29,0,81,0,0,0
"L","Pacioretty","Max","67 MAX PACIORETTY","Max Pacioretty",30,30,0,3,0,0,0
"R","Parenteau","Pierre-Alexandre","15 PIERRE-ALEXANDRE PARENTEAU","Pierre-Alexandre Parenteau",31,31,0,0,2,0,0
"G","Peters","Justin","35 JUSTIN PETERS","Justin Peters",32,32,0,0,0,0,78
"C","Plekanec","Tomas","14 TOMAS PLEKANEC","Tomas Plekanec",33,33,3,0,0,0,0
"G","Price","Carey","31 CAREY PRICE","Carey Price",34,34,0,0,0,0,3
"L","Prust","Brandon","8 BRANDON PRUST","Brandon Prust",35,35,0,3,0,0,0
"D","Schmidt","Nate","88 NATE SCHMIDT","Nate Schmidt",36,36,0,0,0,39,0
"L","Sekac","Jiri","26 JIRI SEKAC","Jiri Sekac",37,37,0,2,0,0,0
"D","Subban","P.k.","76 P.K. SUBBAN","P.k. Subban",38,38,0,0,0,3,0
"G","Tokarski","Dustin","35 DUSTIN TOKARSKI","Dustin Tokarski",39,39,0,0,0,0,3
"R","Ward","Joel","42 JOEL WARD","Joel Ward",40,40,0,0,82,0,0
"D","Weaver","Mike","43 MIKE WEAVER","Mike Weaver",41,41,0,0,0,1,0
"C","Bergeron","Patrice","37 PATRICE BERGERON","Patrice Bergeron",42,42,3,0,0,0,0
"D","Chara","Zdeno","33 ZDENO CHARA","Zdeno Chara",43,43,0,0,0,3,0
"L","Cunningham","Craig","61 CRAIG CUNNINGHAM","Craig Cunningham",44,44,0,1,0,0,0
"L","Eriksson","Loui","21 LOUI ERIKSSON","Loui Eriksson",45,45,0,3,0,0,0
"R","Fraser","Matt","25 MATT FRASER","Matt Fraser",46,46,0,0,1,0,0
"D","Green","Mike","52 MIKE GREEN","Mike Green",47,47,0,0,0,72,0
"D","Hamilton","Dougie","27 DOUGIE HAMILTON","Dougie Hamilton",48,48,0,0,0,2,0
"C","Kelly","Chris","23 CHRIS KELLY","Chris Kelly",49,49,3,0,0,0,0
"D","Krug","Torey","47 TOREY KRUG","Torey Krug",50,50,0,0,0,3,0
"C","Latta","Michael","46 MICHAEL LATTA","Michael Latta",51,51,53,0,0,0,0
"L","Lucic","Milan","17 MILAN LUCIC","Milan Lucic",52,52,0,3,0,0,0
"C","Marchand","Brad","63 BRAD MARCHAND","Brad Marchand",53,53,3,0,0,0,0
"D","McQuaid","Adam","54 ADAM MCQUAID","Adam McQuaid",54,54,0,0,0,3,0
"D","Miller","Kevan","86 KEVAN MILLER","Kevan Miller",55,55,0,0,0,1,0
"L","Paille","Daniel","20 DANIEL PAILLE","Daniel Paille",56,56,0,2,0,0,0
"G","Rask","Tuukka","40 TUUKKA RASK","Tuukka Rask",57,57,0,0,0,0,3
"C","Robins","Bobby","64 BOBBY ROBINS","Bobby Robins",58,58,1,0,0,0,0
"D","Seidenberg","Dennis","44 DENNIS SEIDENBERG","Dennis Seidenberg",59,59,0,0,0,3,0
"R","Smith","Reilly","18 REILLY SMITH","Reilly Smith",60,60,0,0,3,0,0
"C","Soderberg","Carl","34 CARL SODERBERG","Carl Soderberg",61,61,3,0,0,0,0
"C","Spooner","Ryan","51 RYAN SPOONER","Ryan Spooner",62,62,3,0,0,0,0
"G","Svedberg","Niklas","72 NIKLAS SVEDBERG","Niklas Svedberg",63,63,0,0,0,0,3
"D","Braun","Justin","61 JUSTIN BRAUN","Justin Braun",64,64,0,0,0,1,0
"R","Burish","Adam","37 ADAM BURISH","Adam Burish",65,65,0,0,1,0,0
"D","Burns","Brent","88 BRENT BURNS","Brent Burns",66,66,0,0,0,2,0
"C","Couture","Logan","39 LOGAN COUTURE","Logan Couture",67,67,2,0,0,0,0
"D","Demers","Jason","5 JASON DEMERS","Jason Demers",68,68,0,0,0,1,0
"C","Desjardins","Andrew","10 ANDREW DESJARDINS","Andrew Desjardins",69,69,1,0,0,0,0
"D","Hannan","Scott","27 SCOTT HANNAN","Scott Hannan",70,70,0,0,0,2,0
"C","Hertl","Tomas","48 TOMAS HERTL","Tomas Hertl",71,71,2,0,0,0,0
"D","Irwin","Matt","52 MATT IRWIN","Matt Irwin",72,72,0,0,0,2,0
"C","Marleau","Patrick","12 PATRICK MARLEAU","Patrick Marleau",73,73,2,0,0,0,0
"L","McGinn","Tye","25 TYE MCGINN","Tye McGinn",74,74,0,1,0,0,0
"G","Niemi","Antti","31 ANTTI NIEMI","Antti Niemi",75,75,0,0,0,0,2
"L","Nieto","Matt","83 MATT NIETO","Matt Nieto",76,76,0,2,0,0,0
"C","Pavelski","Joe","8 JOE PAVELSKI","Joe Pavelski",77,77,2,0,0,0,0
"L","Scott","John","20 JOHN SCOTT","John Scott",78,78,0,2,0,0,0
"G","Stalock","Alex","32 ALEX STALOCK","Alex Stalock",79,79,0,0,0,0,2
"C","Thornton","Joe","19 JOE THORNTON","Joe Thornton",80,80,2,0,0,0,0
"C","Tierney","Chris","50 CHRIS TIERNEY","Chris Tierney",81,81,2,0,0,0,0
"D","Vlasic","Marc-Edouard","44 MARC-EDOUARD VLASIC","Marc-Edouard Vlasic",82,82,0,0,0,1,0
"C","Wingels","Tommy","57 TOMMY WINGELS","Tommy Wingels",83,83,2,0,0,0,0
"L","Cammalleri","Mike","23 MIKE CAMMALLERI","Mike Cammalleri",84,84,0,4,0,0,0
"G","Clemmensen","Scott","40 SCOTT CLEMMENSEN","Scott Clemmensen",85,85,0,0,0,0,2
"L","Clowe","Ryane","29 RYANE CLOWE","Ryane Clowe",86,86,0,1,0,0,0
"L","Elias","Patrik","26 PATRIK ELIAS","Patrik Elias",87,87,0,5,0,0,0
"D","Gelinas","Eric","22 ERIC GELINAS","Eric Gelinas",88,88,0,0,0,5,0
"R","Gionta","Stephen","11 STEPHEN GIONTA","Stephen Gionta",89,89,0,0,5,0,0
"D","Greene","Andrew","6 ANDY GREENE","Andrew Greene",90,90,0,0,0,5,0
"R","Havlat","Martin","9 MARTIN HAVLAT","Martin Havlat",91,91,0,0,3,0,0
"C","Henrique","Adam","14 ADAM HENRIQUE","Adam Henrique",92,92,4,0,0,0,0
"R","Jagr","Jaromir","68 JAROMIR JAGR","Jaromir Jagr",93,93,0,0,4,0,0
"D","Merrill","Jon","7 JON MERRILL","Jon Merrill",94,94,0,0,0,4,0
"R","Ruutu","Tuomo","15 TUOMO RUUTU","Tuomo Ruutu",95,95,0,0,5,0,0
"R","Ryder","Michael","17 MICHAEL RYDER","Michael Ryder",96,96,0,0,3,0,0
"D","Salvador","Bryce","24 BRYCE SALVADOR","Bryce Salvador",97,97,0,0,0,1,0
"G","Schneider","Cory","35 CORY SCHNEIDER","Cory Schneider",98,98,0,0,0,0,5
"D","Severson","Damon","28 DAMON SEVERSON","Damon Severson",99,99,0,0,0,4,0
"R","Tootoo","Jordin","20 JORDIN TOOTOO","Jordin Tootoo",100,100,0,0,5,0,0
"C","Zajac","Travis","19 TRAVIS ZAJAC","Travis Zajac",101,101,4,0,0,0,0
"D","Zidlicky","Marek","2 MAREK ZIDLICKY","Marek Zidlicky",102,102,0,0,0,4,0
"C","Zubrus","Dainius","8 DAINIUS ZUBRUS","Dainius Zubrus",103,103,4,0,0,0,0
"C","Barkov","Aleksander","16 ALEKSANDER BARKOV","Aleksander Barkov",104,104,3,0,0,0,0
"L","Bergenheim","Sean","20 SEAN BERGENHEIM","Sean Bergenheim",105,105,0,3,0,0,0
"C","Bjugstad","Nick","27 NICK BJUGSTAD","Nick Bjugstad",106,106,3,0,0,0,0
"R","Boyes","Brad","24 BRAD BOYES","Brad Boyes",107,107,0,0,3,0,0
"D","Campbell","Brian","51 BRIAN CAMPBELL","Brian Campbell",108,108,0,0,0,3,0
"D","Ekblad","Aaron","5 AARON EKBLAD","Aaron Ekblad",109,109,0,0,0,3,0
"L","Fleischmann","Tomas","14 TOMAS FLEISCHMANN","Tomas Fleischmann",110,110,0,2,0,0,0
"D","Gudbranson","Erik","44 ERIK GUDBRANSON","Erik Gudbranson",111,111,0,0,0,2,0
"C","Huberdeau","Jonathan","11 JONATHAN HUBERDEAU","Jonathan Huberdeau",112,112,3,0,0,0,0
"L","Jokinen","Jussi","36 JUSSI JOKINEN","Jussi Jokinen",113,113,0,3,0,0,0
"R","Kopecky","Tomas","82 TOMAS KOPECKY","Tomas Kopecky",114,114,0,0,2,0,0
"D","Kulikov","Dmitry","7 DMITRY KULIKOV","Dmitry Kulikov",115,115,0,0,0,3,0
"G","Luongo","Roberto","1 ROBERTO LUONGO","Roberto Luongo",116,116,0,0,0,0,3
"C","MacKenzie","Derek","17 DEREK MACKENZIE","Derek MacKenzie",117,117,3,0,0,0,0
"D","Mitchell","Willie","33 WILLIE MITCHELL","Willie Mitchell",118,118,0,0,0,3,0
"G","Montoya","Al","35 AL MONTOYA","Al Montoya",119,119,0,0,0,0,3
"D","Olsen","Dylan","4 DYLAN OLSEN","Dylan Olsen",120,120,0,0,0,3,0
"C","Pirri","Brandon","73 BRANDON PIRRI","Brandon Pirri",121,121,2,0,0,0,0
"L","Thornton","Shawn","22 SHAWN THORNTON","Shawn Thornton",122,122,0,1,0,0,0
"R","Upshall","Scottie","19 SCOTTIE UPSHALL","Scottie Upshall",123,123,0,0,3,0,0
"R","Arcobello","Mark","26 MARK ARCOBELLO","Mark Arcobello",124,124,0,0,1,0,0
"G","Bachman","Richard","32 RICHARD BACHMAN","Richard Bachman",125,125,0,0,0,0,1
"C","Beagle","Jay","83 JAY BEAGLE","Jay Beagle",126,126,62,0,0,0,0
"C","Draisaitl","Leon","29 LEON DRAISAITL","Leon Draisaitl",127,127,1,0,0,0,0
"C","Eberle","Jordan","14 JORDAN EBERLE","Jordan Eberle",128,128,2,0,0,0,0
"D","Fayne","Mark","5 MARK FAYNE","Mark Fayne",129,129,0,0,0,2,0
"D","Ference","Andrew","21 ANDREW FERENCE","Andrew Ference",130,130,0,0,0,2,0
"C","Gordon","Boyd","27 BOYD GORDON","Boyd Gordon",131,131,2,0,0,0,0
"L","Hall","Taylor","4 TAYLOR HALL","Taylor Hall",132,132,0,2,0,0,0
"C","Hendricks","Matt","23 MATT HENDRICKS","Matt Hendricks",133,133,2,0,0,0,0
"L","Joensuu","Jesse","6 JESSE JOENSUU","Jesse Joensuu",134,134,0,1,0,0,0
"D","Marincin","Martin","85 MARTIN MARINCIN","Martin Marincin",135,135,0,0,0,1,0
"D","Nikitin","Nikita","86 NIKITA NIKITIN","Nikita Nikitin",136,136,0,0,0,2,0
"C","Nugent-Hopkins","Ryan","93 RYAN NUGENT-HOPKINS","Ryan Nugent-Hopkins",137,137,2,0,0,0,0
"L","Perron","David","57 DAVID PERRON","David Perron",138,138,0,1,0,0,0
"D","Petry","Jeff","2 JEFF PETRY","Jeff Petry",139,139,0,0,0,2,0
"L","Pouliot","Benoit","67 BENOIT POULIOT","Benoit Pouliot",140,140,0,2,0,0,0
"R","Purcell","Teddy","16 TEDDY PURCELL","Teddy Purcell",141,141,0,0,2,0,0
"D","Schultz","Justin","19 JUSTIN SCHULTZ","Justin Schultz",142,142,0,0,0,2,0
"G","Scrivens","Ben","30 BEN SCRIVENS","Ben Scrivens",143,143,0,0,0,0,2
"R","Yakupov","Nail","10 NAIL YAKUPOV","Nail Yakupov",144,144,0,0,2,0,0
"C","Backlund","Mikael","11 MIKAEL BACKLUND","Mikael Backlund",145,145,1,0,0,0,0
"L","Bollig","Brandon","25 BRANDON BOLLIG","Brandon Bollig",146,146,0,2,0,0,0
"L","Bouma","Lance","17 LANCE BOUMA","Lance Bouma",147,147,0,2,0,0,0
"D","Brodie","T.j.","7 TJ BRODIE","T.j. Brodie",148,148,0,0,0,2,0
"L","Byron","Paul","32 PAUL BYRON","Paul Byron",149,149,0,2,0,0,0
"C","Colborne","Joe","8 JOE COLBORNE","Joe Colborne",150,150,1,0,0,0,0
"D","Engelland","Deryk","29 DERYK ENGELLAND","Deryk Engelland",151,151,0,0,0,2,0
"L","Gaudreau","Johnny","13 JOHNNY GAUDREAU","Johnny Gaudreau",152,152,0,2,0,0,0
"D","Giordano","Mark","5 MARK GIORDANO","Mark Giordano",153,153,0,0,0,2,0
"L","Glencross","Curtis","20 CURTIS GLENCROSS","Curtis Glencross",154,154,0,2,0,0,0
"G","Hiller","Jonas","1 JONAS HILLER","Jonas Hiller",155,155,0,0,0,0,2
"R","Hudler","Jiri","24 JIRI HUDLER","Jiri Hudler",156,156,0,0,2,0,0
"R","Jooris","Josh","86 JOSH JOORIS","Josh Jooris",157,157,0,0,2,0,0
"C","Monahan","Sean","23 SEAN MONAHAN","Sean Monahan",158,158,2,0,0,0,0
"G","Ramo","Karri","31 KARRI RAMO","Karri Ramo",159,159,0,0,0,0,2
"L","Raymond","Mason","21 MASON RAYMOND","Mason Raymond",160,160,0,1,0,0,0
"D","Russell","Kris","4 KRIS RUSSELL","Kris Russell",161,161,0,0,0,2,0
"D","Smid","Ladislav","15 LADISLAV SMID","Ladislav Smid",162,162,0,0,0,2,0
"C","Stajan","Matt","18 MATT STAJAN","Matt Stajan",163,163,1,0,0,0,0
"D","Wideman","Dennis","6 DENNIS WIDEMAN","Dennis Wideman",164,164,0,0,0,2,0
"D","Bieksa","Kevin","3 KEVIN BIEKSA","Kevin Bieksa",165,165,0,0,0,2,0
"C","Bonino","Nick","13 NICK BONINO","Nick Bonino",166,166,2,0,0,0,0
"L","Burrows","Alex","14 ALEXANDRE BURROWS","Alex Burrows",167,167,0,2,0,0,0
"R","Dorsett","Derek","51 DEREK DORSETT","Derek Dorsett",168,168,0,0,2,0,0
"D","Edler","Alexander","23 ALEXANDER EDLER","Alexander Edler",169,169,0,0,0,2,0
"D","Hamhuis","Dan","2 DAN HAMHUIS","Dan Hamhuis",170,170,0,0,0,1,0
"R","Hansen","Jannik","36 JANNIK HANSEN","Jannik Hansen",171,171,0,0,2,0,0
"L","Higgins","Chris","20 CHRIS HIGGINS","Chris Higgins",172,172,0,2,0,0,0
"R","Kassian","Zack","9 ZACK KASSIAN","Zack Kassian",173,173,0,0,1,0,0
"G","Lack","Eddie","31 EDDIE LACK","Eddie Lack",174,174,0,0,0,0,2
"C","Matthias","Shawn","27 SHAWN MATTHIAS","Shawn Matthias",175,175,2,0,0,0,0
"G","Miller","Ryan","30 RYAN MILLER","Ryan Miller",176,176,0,0,0,0,2
"R","Richardson","Brad","15 BRAD RICHARDSON","Brad Richardson",177,177,0,0,2,0,0
"D","Sbisa","Luca","5 LUCA SBISA","Luca Sbisa",178,178,0,0,0,2,0
"L","Sedin","Daniel","22 DANIEL SEDIN","Daniel Sedin",179,179,0,2,0,0,0
"C","Sedin","Henrik","33 HENRIK SEDIN","Henrik Sedin",180,180,2,0,0,0,0
"D","Tanev","Christopher","8 CHRISTOPHER TANEV","Christopher Tanev",181,181,0,0,0,2,0
"R","Vey","Linden","7 LINDEN VEY","Linden Vey",182,182,0,0,2,0,0
"R","Vrbata","Radim","17 RADIM VRBATA","Radim Vrbata",183,183,0,0,2,0,0
"D","Weber","Yannick","6 YANNICK WEBER","Yannick Weber",184,184,0,0,0,2,0
"L","Abdelkader","Justin","8 JUSTIN ABDELKADER","Justin Abdelkader",185,185,0,2,0,0,0
"C","Andersson","Joakim","18 JOAKIM ANDERSSON","Joakim Andersson",186,186,3,0,0,0,0
"C","Datsyuk","Pavel","13 PAVEL DATSYUK","Pavel Datsyuk",187,187,3,0,0,0,0
"D","Dekeyser","Danny","65 DANNY DEKEYSER","Danny Dekeyser",188,188,0,0,0,3,0
"D","Ericsson","Jonathan","52 JONATHAN ERICSSON","Jonathan Ericsson",189,189,0,0,0,3,0
"C","Glendening","Luke","41 LUKE GLENDENING","Luke Glendening",190,190,3,0,0,0,0
"G","Gustavsson","Jonas","50 JONAS GUSTAVSSON","Jonas Gustavsson",191,191,0,0,0,0,1
"C","Helm","Darren","43 DARREN HELM","Darren Helm",192,192,3,0,0,0,0
"G","Howard","Jimmy","35 JIMMY HOWARD","Jimmy Howard",193,193,0,0,0,0,3
"R","Jurco","Tomas","26 TOMAS JURCO","Tomas Jurco",194,194,0,0,1,0,0
"D","Kindl","Jakub","4 JAKUB KINDL","Jakub Kindl",195,195,0,0,0,1,0
"D","Kronwall","Niklas","55 NIKLAS KRONWALL","Niklas Kronwall",196,196,0,0,0,3,0
"L","Miller","Drew","20 DREW MILLER","Drew Miller",197,197,0,3,0,0,0
"C","Nestrasil","Andrej","49 ANDREJ NESTRASIL","Andrej Nestrasil",198,198,1,0,0,0,0
"C","Nyquist","Gustav","14 GUSTAV NYQUIST","Gustav Nyquist",199,199,3,0,0,0,0
"D","Quincey","Kyle","27 KYLE QUINCEY","Kyle Quincey",200,200,0,0,0,3,0
"C","Sheahan","Riley","15 RILEY SHEAHAN","Riley Sheahan",201,201,3,0,0,0,0
"D","Smith","Brendan","2 BRENDAN SMITH","Brendan Smith",202,202,0,0,0,3,0
"C","Tatar","Tomas","21 TOMAS TATAR","Tomas Tatar",203,203,3,0,0,0,0
"R","Wilson","Tom","43 TOM WILSON","Tom Wilson",204,204,0,0,67,0,0
"L","Zetterberg","Henrik","40 HENRIK ZETTERBERG","Henrik Zetterberg",205,205,0,3,0,0,0
"D","Barberio","Mark","8 MARK BARBERIO","Mark Barberio",206,206,0,0,0,2,0
"G","Bishop","Ben","30 BEN BISHOP","Ben Bishop",207,207,0,0,0,0,3
"C","Boyle","Brian","11 BRIAN BOYLE","Brian Boyle",208,208,3,0,0,0,0
"D","Brewer","Eric","2 ERIC BREWER","Eric Brewer",209,209,0,0,0,1,0
"R","Brown","J.t.","23 J.T. BROWN","J.t. Brown",210,210,0,0,3,0,0
"R","Callahan","Ryan","24 RYAN CALLAHAN","Ryan Callahan",211,211,0,0,3,0,0
"D","Carle","Matt","25 MATTHEW CARLE","Matt Carle",212,212,0,0,0,3,0
"L","Drouin","Jonathan","27 JONATHAN DROUIN","Jonathan Drouin",213,213,0,2,0,0,0
"C","Filppula","Valtteri","51 VALTTERI FILPPULA","Valtteri Filppula",214,214,3,0,0,0,0
"D","Garrison","Jason","5 JASON GARRISON","Jason Garrison",215,215,0,0,0,3,0
"D","Gudas","Radko","7 RADKO GUDAS","Radko Gudas",216,216,0,0,0,2,0
"C","Johnson","Tyler","9 TYLER JOHNSON","Tyler Johnson",217,217,3,0,0,0,0
"C","Killorn","Alex","17 ALEX KILLORN","Alex Killorn",218,218,3,0,0,0,0
"R","Kucherov","Nikita","86 NIKITA KUCHEROV","Nikita Kucherov",219,219,0,0,3,0,0
"L","Morrow","Brenden","10 BRENDEN MORROW","Brenden Morrow",220,220,0,3,0,0,0
"G","Nabokov","Evgeni","20 EVGENI NABOKOV","Evgeni Nabokov",221,221,0,0,0,0,3
"C","Namestnikov","Vladislav","90 VLADISLAV NAMESTNIKOV","Vladislav Namestnikov",222,222,1,0,0,0,0
"L","Palat","Ondrej","18 ONDREJ PALAT","Ondrej Palat",223,223,0,2,0,0,0
"C","Stamkos","Steven","91 STEVEN STAMKOS","Steven Stamkos",224,224,3,0,0,0,0
"D","Stralman","Anton","6 ANTON STRALMAN","Anton Stralman",225,225,0,0,0,3,0
"L","Boedker","Mikkel","89 MIKKEL BOEDKER","Mikkel Boedker",226,226,0,2,0,0,0
"R","Crombeen","B.j.","44 B.J. CROMBEEN","B.j. Crombeen",227,227,0,0,2,0,0
"R","Doan","Shane","19 SHANE DOAN","Shane Doan",228,228,0,0,2,0,0
"G","Dubnyk","Devan","40 DEVAN DUBNYK","Devan Dubnyk",229,229,0,0,0,0,4
"D","Ekman-Larsson","Oliver","23 OLIVER EKMAN-LARSSON","Oliver Ekman-Larsson",230,230,0,0,0,2,0
"R","Erat","Martin","10 MARTIN ERAT","Martin Erat",231,231,0,0,2,0,0
"C","Gagner","Sam","9 SAM GAGNER","Sam Gagner",232,232,2,0,0,0,0
"C","Hanzal","Martin","11 MARTIN HANZAL","Martin Hanzal",233,233,1,0,0,0,0
"C","Hodgman","Justin","12 JUSTIN HODGMAN","Justin Hodgman",234,234,1,0,0,0,0
"L","Korpikoski","Lauri","28 LAURI KORPIKOSKI","Lauri Korpikoski",235,235,0,2,0,0,0
"C","McMillan","Brandon","22 BRANDON MCMILLAN","Brandon McMillan",236,236,2,0,0,0,0
"D","Michalek","Zbynek","4 ZBYNEK MICHALEK","Zbynek Michalek",237,237,0,0,0,2,0
"D","Murphy","Connor","5 CONNOR MURPHY","Connor Murphy",238,238,0,0,0,2,0
"C","Rieder","Tobias","8 TOBIAS RIEDER","Tobias Rieder",239,239,2,0,0,0,0
"G","Smith","Mike","41 MIKE SMITH","Mike Smith",240,240,0,0,0,0,2
"D","Stone","Michael","26 MICHAEL STONE","Michael Stone",241,241,0,0,0,2,0
"D","Summers","Chris","20 CHRIS SUMMERS","Chris Summers",242,242,0,0,0,2,0
"C","Vermette","Antoine","50 ANTOINE VERMETTE","Antoine Vermette",243,243,2,0,0,0,0
"C","Vitale","Joe","14 JOE VITALE","Joe Vitale",244,244,2,0,0,0,0
"D","Yandle","Keith","3 KEITH YANDLE","Keith Yandle",245,245,0,0,0,2,0
"L","Baertschi","Sven","27 SVEN BAERTSCHI","Sven Baertschi",246,246,0,1,0,0,0
"C","Granlund","Markus","60 MARKUS GRANLUND","Markus Granlund",247,247,1,0,0,0,0
"R","Jones","David","19 DAVID JONES","David Jones",248,248,0,0,1,0,0
"R","Setoguchi","Devin","22 DEVIN SETOGUCHI","Devin Setoguchi",249,249,0,0,1,0,0
"L","Bickell","Bryan","29 BRYAN BICKELL","Bryan Bickell",250,250,0,2,0,0,0
"G","Crawford","Corey","50 COREY CRAWFORD","Corey Crawford",251,251,0,0,0,0,2
"D","Hjalmarsson","Niklas","4 NIKLAS HJALMARSSON","Niklas Hjalmarsson",252,252,0,0,0,2,0
"R","Hossa","Marian","81 MARIAN HOSSA","Marian Hossa",253,253,0,0,2,0,0
"R","Kane","Patrick","88 PATRICK KANE","Patrick Kane",254,254,0,0,2,0,0
"D","Keith","Duncan","2 DUNCAN KEITH","Duncan Keith",255,255,0,0,0,2,0
"C","Kruger","Marcus","16 MARCUS KRUGER","Marcus Kruger",256,256,2,0,0,0,0
"L","Morin","Jeremy","11 JEREMY MORIN","Jeremy Morin",257,257,0,1,0,0,0
"D","Oduya","Johnny","27 JOHNNY ODUYA","Johnny Oduya",258,258,0,0,0,2,0
"G","Raanta","Antti","31 ANTTI RAANTA","Antti Raanta",259,259,0,0,0,0,2
"C","Regin","Peter","12 PETER REGIN","Peter Regin",260,260,1,0,0,0,0
"C","Richards","Brad","91 BRAD RICHARDS","Brad Richards",261,261,2,0,0,0,0
"D","Rundblad","David","5 DAVID RUNDBLAD","David Rundblad",262,262,0,0,0,2,0
"L","Saad","Brandon","20 BRANDON SAAD","Brandon Saad",263,263,0,2,0,0,0
"D","Seabrook","Brent","7 BRENT SEABROOK","Brent Seabrook",264,264,0,0,0,2,0
"C","Shaw","Andrew","65 ANDREW SHAW","Andrew Shaw",265,265,2,0,0,0,0
"R","Smith","Ben","28 BEN SMITH","Ben Smith",266,266,0,0,2,0,0
"C","Toews","Jonathan","19 JONATHAN TOEWS","Jonathan Toews",267,267,2,0,0,0,0
"D","van riemsdyk","Trevor","57 TREVOR VAN RIEMSDYK","Trevor van riemsdyk",268,268,0,0,0,1,0
"R","Versteeg","Kris","23 KRIS VERSTEEG","Kris Versteeg",269,269,0,0,2,0,0
"D","Bellemore","Brett","73 BRETT BELLEMORE","Brett Bellemore",270,270,0,0,0,3,0
"L","Boychuk","Zach","22 ZACH BOYCHUK","Zach Boychuk",271,271,0,2,0,0,0
"R","Dwyer","Patrick","39 PATRICK DWYER","Patrick Dwyer",272,272,0,0,4,0,0
"D","Faulk","Justin","27 JUSTIN FAULK","Justin Faulk",273,273,0,0,0,4,0
"C","Gerbe","Nathan","14 NATHAN GERBE","Nathan Gerbe",274,274,4,0,0,0,0
"D","Hainsey","Ron","65 RON HAINSEY","Ron Hainsey",275,275,0,0,0,4,0
"D","Harrison","Jay","44 JAY HARRISON","Jay Harrison",276,276,0,0,0,2,0
"G","Khudobin","Anton","31 ANTON KHUDOBIN","Anton Khudobin",277,277,0,0,0,0,4
"D","Liles","John-Michael","26 JOHN-MICHAEL LILES","John-Michael Liles",278,278,0,0,0,4,0
"C","Lindholm","Elias","16 ELIAS LINDHOLM","Elias Lindholm",279,279,4,0,0,0,0
"C","Malone","Brad","24 BRAD MALONE","Brad Malone",280,280,3,0,0,0,0
"C","McClement","Jay","18 JAY MCCLEMENT","Jay McClement",281,281,4,0,0,0,0
"C","Nash","Riley","20 RILEY NASH","Riley Nash",282,282,3,0,0,0,0
"C","Rask","Victor","49 VICTOR RASK","Victor Rask",283,283,4,0,0,0,0
"D","Sekera","Andrej","4 ANDREJ SEKERA","Andrej Sekera",284,284,0,0,0,1,0
"R","Semin","Alexander","28 ALEXANDER SEMIN","Alexander Semin",285,285,0,0,4,0,0
"C","Skinner","Jeff","53 JEFF SKINNER","Jeff Skinner",286,286,4,0,0,0,0
"C","Staal","Eric","12 ERIC STAAL","Eric Staal",287,287,4,0,0,0,0
"C","Tlusty","Jiri","19 JIRI TLUSTY","Jiri Tlusty",288,288,2,0,0,0,0
"G","Ward","Cam","30 CAM WARD","Cam Ward",289,289,0,0,0,0,3
"R","Atkinson","Cam","13 CAM ATKINSON","Cam Atkinson",290,290,0,0,5,0,0
"R","Boll","Jared","40 JARED BOLL","Jared Boll",291,291,0,0,5,0,0
"C","Chaput","Michael","39 MICHAEL CHAPUT","Michael Chaput",292,292,3,0,0,0,0
"R","Cracknell","Adam","32 ADAM CRACKNELL","Adam Cracknell",293,293,0,0,1,0,0
"D","Erixon","Tim","20 TIM ERIXON","Tim Erixon",294,294,0,0,0,1,0
"L","Foligno","Nick","71 NICK FOLIGNO","Nick Foligno",295,295,0,5,0,0,0
"G","Forsberg","Anton","31 ANTON FORSBERG","Anton Forsberg",296,296,0,0,0,0,2
"C","Gibbons","Brian","23 BRIAN GIBBONS","Brian Gibbons",297,297,4,0,0,0,0
"L","Hartnell","Scott","43 SCOTT HARTNELL","Scott Hartnell",298,298,0,4,0,0,0
"C","Jenner","Boone","38 BOONE JENNER","Boone Jenner",299,299,3,0,0,0,0
"C","Johansen","Ryan","19 RYAN JOHANSEN","Ryan Johansen",300,300,5,0,0,0,0
"G","McElhinney","Curtis","30 CURTIS MCELHINNEY","Curtis McElhinney",301,301,0,0,0,0,5
"D","Prout","Dalton","47 DALTON PROUT","Dalton Prout",302,302,0,0,0,5,0
"D","Savard","David","58 DAVID SAVARD","David Savard",303,303,0,0,0,5,0
"D","St-Denis","Frederic","28 FREDERIC ST-DENIS","Frederic St-Denis",304,304,0,0,0,1,0
"R","Tropp","Corey","26 COREY TROPP","Corey Tropp",305,305,0,0,5,0,0
"C","Tyrell","Dana","34 DANA TYRELL","Dana Tyrell",306,306,1,0,0,0,0
"D","Tyutin","Fedor","51 FEDOR TYUTIN","Fedor Tyutin",307,307,0,0,0,4,0
"C","Wennberg","Alexander","41 ALEXANDER WENNBERG","Alexander Wennberg",308,308,3,0,0,0,0
"D","Wisniewski","James","21 JAMES WISNIEWSKI","James Wisniewski",309,309,0,0,0,4,0
"R","Bernier","Steve","18 STEVE BERNIER","Steve Bernier",310,310,0,0,4,0,0
"D","Helgeson","Seth","25 SETH HELGESON","Seth Helgeson",311,311,0,0,0,3,0
"C","Josefson","Jacob","16 JACOB JOSEFSON","Jacob Josefson",312,312,2,0,0,0,0
"G","Kinkaid","Keith","1 KEITH KINKAID","Keith Kinkaid",313,313,0,0,0,0,3
"D","Larsson","Adam","5 ADAM LARSSON","Adam Larsson",314,314,0,0,0,2,0
"G","Allen","Jake","34 JAKE ALLEN","Jake Allen",315,315,0,0,0,0,2
"R","Backes","David","42 DAVID BACKES","David Backes",316,316,0,0,2,0,0
"C","Berglund","Patrik","21 PATRIK BERGLUND","Patrik Berglund",317,317,1,0,0,0,0
"D","Bouwmeester","Jay","19 JAY BOUWMEESTER","Jay Bouwmeester",318,318,0,0,0,2,0
"D","Cole","Ian","28 IAN COLE","Ian Cole",319,319,0,0,0,2,0
"G","Elliott","Brian","1 BRIAN ELLIOTT","Brian Elliott",320,320,0,0,0,0,2
"D","Gunnarsson","Carl","4 CARL GUNNARSSON","Carl Gunnarsson",321,321,0,0,0,2,0
"D","Jackman","Barret","5 BARRET JACKMAN","Barret Jackman",322,322,0,0,0,2,0
"C","Lapierre","Maxim","40 MAXIM LAPIERRE","Maxim Lapierre",323,323,4,0,0,0,0
"C","Lehtera","Jori","12 JORI LEHTERA","Jori Lehtera",324,324,1,0,0,0,0
"C","Lindstrom","Joakim","10 JOAKIM LINDSTROM","Joakim Lindstrom",325,325,2,0,0,0,0
"C","Oshie","T.j.","74 T.J. OSHIE","T.j. Oshie",326,326,2,0,0,0,0
"C","Ott","Steve","9 STEVE OTT","Steve Ott",327,327,2,0,0,0,0
"D","Pietrangelo","Alex","27 ALEX PIETRANGELO","Alex Pietrangelo",328,328,0,0,0,2,0
"R","Reaves","Ryan","75 RYAN REAVES","Ryan Reaves",329,329,0,0,2,0,0
"C","Schwartz","Jaden","17 JADEN SCHWARTZ","Jaden Schwartz",330,330,2,0,0,0,0
"D","Shattenkirk","Kevin","22 KEVIN SHATTENKIRK","Kevin Shattenkirk",331,331,0,0,0,2,0
"C","Stastny","Paul","26 PAUL STASTNY","Paul Stastny",332,332,2,0,0,0,0
"L","Steen","Alex","20 ALEXANDER STEEN","Alex Steen",333,333,0,2,0,0,0
"R","Tarasenko","Vladimir","91 VLADIMIR TARASENKO","Vladimir Tarasenko",334,334,0,0,2,0,0
"C","Chipchura","Kyle","24 KYLE CHIPCHURA","Kyle Chipchura",335,335,1,0,0,0,0
"L","Lessio","Lucas","38 LUCAS LESSIO","Lucas Lessio",336,336,0,1,0,0,0
"D","Barrie","Tyson","4 TYSON BARRIE","Tyson Barrie",337,337,0,0,0,2,0
"G","Berra","Reto","20 RETO BERRA","Reto Berra",338,338,0,0,0,0,1
"C","Briere","Daniel","48 DANIEL BRIERE","Daniel Briere",339,339,2,0,0,0,0
"R","Cliche","Marc-Andre","24 MARC-ANDRE CLICHE","Marc-Andre Cliche",340,340,0,0,2,0,0
"C","Duchene","Matt","9 MATT DUCHENE","Matt Duchene",341,341,2,0,0,0,0
"R","Everberg","Dennis","45 DENNIS EVERBERG","Dennis Everberg",342,342,0,0,1,0,0
"D","Guenin","Nathan","5 NATE GUENIN","Nathan Guenin",343,343,0,0,0,2,0
"D","Hejda","Jan","8 JAN HEJDA","Jan Hejda",344,344,0,0,0,2,0
"D","Holden","Nick","2 NICK HOLDEN","Nick Holden",345,345,0,0,0,2,0
"R","Iginla","Jarome","12 JAROME IGINLA","Jarome Iginla",346,346,0,0,2,0,0
"D","Johnson","Erik","6 ERIK JOHNSON","Erik Johnson",347,347,0,0,0,2,0
"L","Landeskog","Gabriel","92 GABRIEL LANDESKOG","Gabriel Landeskog",348,348,0,2,0,0,0
"C","MacKinnon","Nathan","29 NATHAN MACKINNON","Nathan MacKinnon",349,349,2,0,0,0,0
"L","McLeod","Cody","55 CODY MCLEOD","Cody McLeod",350,350,0,2,0,0,0
"C","Mitchell","John","7 JOHN MITCHELL","John Mitchell",351,351,2,0,0,0,0
"C","O'reilly","Ryan","90 RYAN O'REILLY","Ryan O'reilly",352,352,2,0,0,0,0
"G","Pickard","Calvin","31 CALVIN PICKARD","Calvin Pickard",353,353,0,0,0,0,2
"D","Redmond","Zach","22 ZACH REDMOND","Zach Redmond",354,354,0,0,0,1,0
"C","Talbot","Maxime","25 MAXIME TALBOT","Maxime Talbot",355,355,2,0,0,0,0
"L","Tanguay","Alex","40 ALEX TANGUAY","Alex Tanguay",356,356,0,2,0,0,0
"L","Deslauriers","Nicolas","44 NICOLAS DESLAURIERS","Nicolas Deslauriers",357,357,0,3,0,0,0
"C","Ennis","Tyler","63 TYLER ENNIS","Tyler Ennis",358,358,3,0,0,0,0
"G","Enroth","Jhonas","1 JHONAS ENROTH","Jhonas Enroth",359,359,0,0,0,0,2
"C","Flynn","Brian","65 BRIAN FLYNN","Brian Flynn",360,360,1,0,0,0,0
"L","Foligno","Marcus","82 MARCUS FOLIGNO","Marcus Foligno",361,361,0,3,0,0,0
"R","Gionta","Brian","12 BRIAN GIONTA","Brian Gionta",362,362,0,0,3,0,0
"C","Girgensons","Zemgus","28 ZEMGUS GIRGENSONS","Zemgus Girgensons",363,363,1,0,0,0,0
"C","Hodgson","Cody","19 CODY HODGSON","Cody Hodgson",364,364,3,0,0,0,0
"G","Lieuwen","Nathan","50 NATHAN LIEUWEN","Nathan Lieuwen",365,365,0,0,0,0,1
"C","McCormick","Cody","8 CODY MCCORMICK","Cody McCormick",366,366,1,0,0,0,0
"D","Meszaros","Andrej","41 ANDREJ MESZAROS","Andrej Meszaros",367,367,0,0,0,2,0
"C","Mitchell","Torrey","17 TORREY MITCHELL","Torrey Mitchell",368,368,2,0,0,0,0
"L","Moulson","Matt","26 MATT MOULSON","Matt Moulson",369,369,0,3,0,0,0
"D","Myers","Tyler","57 TYLER MYERS","Tyler Myers",370,370,0,0,0,3,0
"D","Ristolainen","Rasmus","55 RASMUS RISTOLAINEN","Rasmus Ristolainen",371,371,0,0,0,3,0
"R","Stafford","Drew","21 DREW STAFFORD","Drew Stafford",372,372,0,0,1,0,0
"R","Stewart","Chris","80 CHRIS STEWART","Chris Stewart",373,373,0,0,1,0,0
"D","Strachan","Tyson","24 TYSON STRACHAN","Tyson Strachan",374,374,0,0,0,3,0
"D","Weber","Mike","6 MIKE WEBER","Mike Weber",375,375,0,0,0,3,0
"D","Zadorov","Nikita","51 NIKITA ZADOROV","Nikita Zadorov",376,376,0,0,0,2,0
"C","Bailey","Josh","12 JOSH BAILEY","Josh Bailey",377,377,4,0,0,0,0
"D","Boychuk","Johnny","55 JOHNNY BOYCHUK","Johnny Boychuk",378,378,0,0,0,3,0
"C","Cizikas","Casey","53 CASEY CIZIKAS","Casey Cizikas",379,379,3,0,0,0,0
"R","Clutterbuck","Cal","15 CAL CLUTTERBUCK","Cal Clutterbuck",380,380,0,0,4,0,0
"D","De haan","Calvin","44 CALVIN DE HAAN","Calvin De haan",381,381,0,0,0,4,0
"C","Grabovski","Mikhail","84 MIKHAIL GRABOVSKI","Mikhail Grabovski",382,382,3,0,0,0,0
"G","Halak","Jaroslav","41 JAROSLAV HALAK","Jaroslav Halak",383,383,0,0,0,0,4
"D","Hamonic","Travis","3 TRAVIS HAMONIC","Travis Hamonic",384,384,0,0,0,4,0
"D","Hickey","Thomas","14 THOMAS HICKEY","Thomas Hickey",385,385,0,0,0,4,0
"G","Johnson","Chad","30 CHAD JOHNSON","Chad Johnson",386,386,0,0,0,0,4
"L","Kulemin","Nikolay","86 NIKOLAY KULEMIN","Nikolay Kulemin",387,387,0,4,0,0,0
"D","Leddy","Nick","2 NICK LEDDY","Nick Leddy",388,388,0,0,0,4,0
"C","Lee","Anders","27 ANDERS LEE","Anders Lee",389,389,4,0,0,0,0
"L","Martin","Matt","17 MATT MARTIN","Matt Martin",390,390,0,4,0,0,0
"C","Nelson","Brock","29 BROCK NELSON","Brock Nelson",391,391,4,0,0,0,0
"C","Nielsen","Frans","51 FRANS NIELSEN","Frans Nielsen",392,392,4,0,0,0,0
"R","Okposo","Kyle","21 KYLE OKPOSO","Kyle Okposo",393,393,0,0,3,0,0
"C","Strome","Ryan","18 RYAN STROME","Ryan Strome",394,394,4,0,0,0,0
"C","Tavares","John","91 JOHN TAVARES","John Tavares",395,395,4,0,0,0,0
"D","Visnovsky","Lubomir","11 LUBOMIR VISNOVSKY","Lubomir Visnovsky",396,396,0,0,0,3,0
"D","Strait","Brian","37 BRIAN STRAIT","Brian Strait",397,397,0,0,0,2,0
"G","Bernier","Jonathan","45 JONATHAN BERNIER","Jonathan Bernier",398,398,0,0,0,0,3
"L","Booth","David","20 DAVID BOOTH","David Booth",399,399,0,3,0,0,0
"C","Bozak","Tyler","42 TYLER BOZAK","Tyler Bozak",400,400,3,0,0,0,0
"R","Clarkson","David","71 DAVID CLARKSON","David Clarkson",401,401,0,0,2,0,0
"D","Franson","Cody","4 CODY FRANSON","Cody Franson",402,402,0,0,0,2,0
"D","Gardiner","Jake","51 JAKE GARDINER","Jake Gardiner",403,403,0,0,0,3,0
"C","Holland","Peter","24 PETER HOLLAND","Peter Holland",404,404,2,0,0,0,0
"D","Holzer","Korbinian","55 KORBINIAN HOLZER","Korbinian Holzer",405,405,0,0,0,2,0
"C","Kadri","Nazem","43 NAZEM KADRI","Nazem Kadri",406,406,3,0,0,0,0
"C","Kessel","Phil","81 PHIL KESSEL","Phil Kessel",407,407,3,0,0,0,0
"C","Komarov","Leo","47 LEO KOMAROV","Leo Komarov",408,408,3,0,0,0,0
"R","Lupul","Joffrey","19 JOFFREY LUPUL","Joffrey Lupul",409,409,0,0,2,0,0
"D","Phaneuf","Dion","3 DION PHANEUF","Dion Phaneuf",410,410,0,0,0,3,0
"G","Reimer","James","34 JAMES REIMER","James Reimer",411,411,0,0,0,0,3
"D","Rielly","Morgan","44 MORGAN RIELLY","Morgan Rielly",412,412,0,0,0,3,0
"D","Robidas","Stephane","12 STEPHANE ROBIDAS","Stephane Robidas",413,413,0,0,0,3,0
"C","Santorelli","Mike","25 MIKE SANTORELLI","Mike Santorelli",414,414,2,0,0,0,0
"C","Smith","Trevor","23 TREVOR SMITH","Trevor Smith",415,415,2,0,0,0,0
"L","van riemsdyk","James","21 JAMES VAN RIEMSDYK","James van riemsdyk",416,416,0,3,0,0,0
"C","Winnik","Daniel","26 DANIEL WINNIK","Daniel Winnik",417,417,2,0,0,0,0
"C","Horvat","Bo","53 BO HORVAT","Bo Horvat",418,418,1,0,0,0,0
"D","Stanton","Ryan","18 RYAN STANTON","Ryan Stanton",419,419,0,0,0,1,0
"D","Gleason","Tim","6 TIM GLEASON","Tim Gleason",420,420,0,0,0,19,0
"D","Jordan","Michal","47 MICHAL JORDAN","Michal Jordan",421,421,0,0,0,2,0
"G","MacIntyre","Drew","35 DREW MACINTYRE","Drew MacIntyre",422,422,0,0,0,0,1
"C","Gomez","Scott","21 SCOTT GOMEZ","Scott Gomez",424,423,3,0,0,0,0
"R","Sislo","Mike","32 MIKE SISLO","Mike Sislo",425,424,0,0,2,0,0
"R","Connolly","Brett","14 BRETT CONNOLLY","Brett Connolly",426,425,0,0,3,0,0
"D","Hedman","Victor","77 VICTOR HEDMAN","Victor Hedman",427,426,0,0,0,2,0
"C","Paquette","Cedric","13 CEDRIC PAQUETTE","Cedric Paquette",428,427,2,0,0,0,0
"D","Sustr","Andrej","62 ANDREJ SUSTR","Andrej Sustr",429,428,0,0,0,2,0
"G","Bobrovsky","Sergei","72 SERGEI BOBROVSKY","Sergei Bobrovsky",430,429,0,0,0,0,3
"L","Calvert","Matt","11 MATT CALVERT","Matt Calvert",431,430,0,3,0,0,0
"D","Connauton","Kevin","4 KEVIN CONNAUTON","Kevin Connauton",432,431,0,0,0,3,0
"C","Dubinsky","Brandon","17 BRANDON DUBINSKY","Brandon Dubinsky",433,432,3,0,0,0,0
"D","Johnson","Jack","7 JACK JOHNSON","Jack Johnson",434,433,0,0,0,4,0
"D","Leopold","Jordan","3 JORDAN LEOPOLD","Jordan Leopold",435,434,0,0,0,1,0
"R","Skille","Jack","10 JACK SKILLE","Jack Skille",436,435,0,0,2,0,0
"C","Bolland","Dave","63 DAVE BOLLAND","Dave Bolland",437,436,2,0,0,0,0
"R","Hayes","Jimmy","12 JIMMY HAYES","Jimmy Hayes",438,437,0,0,2,0,0
"D","Harrold","Peter","10 PETER HARROLD","Peter Harrold",440,438,0,0,0,1,0
"C","Sestito","Tim","12 TIM SESTITO","Tim Sestito",441,439,1,0,0,0,0
"G","Anderson","Craig","41 CRAIG ANDERSON","Craig Anderson",442,440,0,0,0,0,2
"D","Borowiecki","Mark","74 MARK BOROWIECKI","Mark Borowiecki",443,441,0,0,0,2,0
"D","Ceci","Cody","5 CODY CECI","Cody Ceci",444,442,0,0,0,3,0
"R","Chiasson","Alex","90 ALEX CHIASSON","Alex Chiasson",445,443,0,0,2,0,0
"R","Condra","Erik","22 ERIK CONDRA","Erik Condra",446,444,0,0,3,0,0
"D","Cowen","Jared","2 JARED COWEN","Jared Cowen",447,445,0,0,0,2,0
"C","Greening","Colin","14 COLIN GREENING","Colin Greening",448,446,1,0,0,0,0
"D","Gryba","Eric","62 ERIC GRYBA","Eric Gryba",449,447,0,0,0,3,0
"C","Hoffman","Mike","68 MIKE HOFFMAN","Mike Hoffman",450,448,3,0,0,0,0
"D","Karlsson","Erik","65 ERIK KARLSSON","Erik Karlsson",451,449,0,0,0,3,0
"C","Legwand","David","17 DAVID LEGWAND","David Legwand",452,450,3,0,0,0,0
"G","Lehner","Robin","40 ROBIN LEHNER","Robin Lehner",453,451,0,0,0,0,2
"L","MacArthur","Clarke","16 CLARKE MACARTHUR","Clarke MacArthur",454,452,0,3,0,0,0
"L","Michalek","Milan","9 MILAN MICHALEK","Milan Michalek",455,453,0,2,0,0,0
"C","Pageau","Jean-Gabriel","44 JEAN-GABRIEL PAGEAU","Jean-Gabriel Pageau",456,454,3,0,0,0,0
"R","Ryan","Bobby","6 BOBBY RYAN","Bobby Ryan",457,455,0,0,3,0,0
"R","Stone","Mark","61 MARK STONE","Mark Stone",458,456,0,0,3,0,0
"C","Turris","Kyle","7 KYLE TURRIS","Kyle Turris",459,457,3,0,0,0,0
"D","Wiercioch","Patrick","46 PATRICK WIERCIOCH","Patrick Wiercioch",460,458,0,0,0,2,0
"C","Zibanejad","Mika","93 MIKA ZIBANEJAD","Mika Zibanejad",461,459,3,0,0,0,0
"D","Boyle","Dan","22 DAN BOYLE","Dan Boyle",462,460,0,0,0,4,0
"C","Brassard","Derick","16 DERICK BRASSARD","Derick Brassard",463,461,4,0,0,0,0
"R","Fast","Jesper","19 JESPER FAST","Jesper Fast",464,462,0,0,4,0,0
"D","Girardi","Daniel","5 DAN GIRARDI","Daniel Girardi",465,463,0,0,0,4,0
"L","Glass","Tanner","15 TANNER GLASS","Tanner Glass",466,464,0,4,0,0,0
"L","Hagelin","Carl","62 CARL HAGELIN","Carl Hagelin",467,465,0,4,0,0,0
"R","Hayes","Kevin","13 KEVIN HAYES","Kevin Hayes",468,466,0,0,4,0,0
"D","Hunwick","Matt","44 MATT HUNWICK","Matt Hunwick",469,467,0,0,0,2,0
"D","Klein","Kevin","8 KEVIN KLEIN","Kevin Klein",470,468,0,0,0,2,0
"C","Kreider","Chris","20 CHRIS KREIDER","Chris Kreider",471,469,4,0,0,0,0
"G","Lundqvist","Henrik","30 HENRIK LUNDQVIST","Henrik Lundqvist",472,470,0,0,0,0,3
"D","McDonagh","Ryan","27 RYAN MCDONAGH","Ryan McDonagh",473,471,0,0,0,4,0
"C","Miller","J.t.","10 J.T. MILLER","J.t. Miller",474,472,4,0,0,0,0
"C","Moore","Dominic","28 DOMINIC MOORE","Dominic Moore",475,473,4,0,0,0,0
"L","Nash","Rick","61 RICK NASH","Rick Nash",476,474,0,3,0,0,0
"R","St. louis","Martin","26 MARTIN ST. LOUIS","Martin St. louis",477,475,0,0,3,0,0
"D","Staal","Marc","18 MARC STAAL","Marc Staal",478,476,0,0,0,3,0
"C","Stepan","Derek","21 DEREK STEPAN","Derek Stepan",479,477,4,0,0,0,0
"G","Talbot","Cam","33 CAM TALBOT","Cam Talbot",480,478,0,0,0,0,4
"C","Zuccarello","Mats","36 MATS ZUCCARELLO","Mats Zuccarello",481,479,4,0,0,0,0
"D","Bortuzzo","Robert","41 ROBERT BORTUZZO","Robert Bortuzzo",482,480,0,0,0,3,0
"C","Crosby","Sidney","87 SIDNEY CROSBY","Sidney Crosby",483,481,4,0,0,0,0
"D","Despres","Simon","47 SIMON DESPRES","Simon Despres",484,482,0,0,0,4,0
"C","Ebbett","Andrew","25 ANDREW EBBETT","Andrew Ebbett",485,483,2,0,0,0,0
"R","Farnham","Bobby","34 BOBBY FARNHAM","Bobby Farnham",486,484,0,0,1,0,0
"G","Fleury","Marc-Andre","29 MARC-ANDRE FLEURY","Marc-Andre Fleury",487,485,0,0,0,0,4
"C","Goc","Marcel","57 MARCEL GOC","Marcel Goc",488,486,2,0,0,0,0
"D","Harrington","Scott","6 SCOTT HARRINGTON","Scott Harrington",489,487,0,0,0,1,0
"R","Hornqvist","Patric","72 PATRIC HORNQVIST","Patric Hornqvist",490,488,0,0,4,0,0
"C","Klinkhammer","Rob","20 ROB KLINKHAMMER","Rob Klinkhammer",491,489,1,0,0,0,0
"L","Kunitz","Chris","14 CHRIS KUNITZ","Chris Kunitz",492,490,0,4,0,0,0
"D","Letang","Kris","58 KRIS LETANG","Kris Letang",493,491,0,0,0,4,0
"C","Malkin","Evgeni","71 EVGENI MALKIN","Evgeni Malkin",494,492,3,0,0,0,0
"C","Megna","Jayson","59 JAYSON MEGNA","Jayson Megna",495,493,1,0,0,0,0
"D","Pouliot","Derrick","51 DERRICK POULIOT","Derrick Pouliot",496,494,0,0,0,3,0
"R","Rust","Bryan","36 BRYAN RUST","Bryan Rust",497,495,0,0,1,0,0
"D","Scuderi","Rob","4 ROB SCUDERI","Rob Scuderi",498,496,0,0,0,4,0
"C","Spaling","Nick","13 NICK SPALING","Nick Spaling",499,497,4,0,0,0,0
"C","Sutter","Brandon","16 BRANDON SUTTER","Brandon Sutter",500,498,4,0,0,0,0
"G","Zatkoff","Jeff","37 JEFF ZATKOFF","Jeff Zatkoff",501,499,0,0,0,0,1
"L","Carcillo","Dan","13 DANIEL CARCILLO","Dan Carcillo",502,500,0,1,0,0,0
"D","Rozsival","Michal","32 MICHAL ROZSIVAL","Michal Rozsival",503,501,0,0,0,1,0
"L","Sharp","Patrick","10 PATRICK SHARP","Patrick Sharp",504,502,0,1,0,0,0
"D","O'brien","Shane","74 SHANE O'BRIEN","Shane O'brien",505,503,0,0,0,1,0
"C","Trocheck","Vincent","21 VINCENT TROCHECK","Vincent Trocheck",506,504,1,0,0,0,0
"C","Carrick","Sam","53 SAM CARRICK","Sam Carrick",507,505,1,0,0,0,0
"R","Panik","Richard","18 RICHARD PANIK","Richard Panik",508,506,0,0,2,0,0
"D","Polak","Roman","46 ROMAN POLAK","Roman Polak",509,507,0,0,0,2,0
"L","Bellemare","Pierre-Edouard","78 PIERRE-EDOUARD BELLEMARE","Pierre-Edouard Bellemare",510,508,0,4,0,0,0
"D","Coburn","Braydon","5 BRAYDON COBURN","Braydon Coburn",511,509,0,0,0,2,0
"C","Couturier","Sean","14 SEAN COUTURIER","Sean Couturier",512,510,4,0,0,0,0
"D","Del zotto","Michael","15 MICHAEL DEL ZOTTO","Michael Del zotto",513,511,0,0,0,4,0
"G","Emery","Ray","29 RAY EMERY","Ray Emery",514,512,0,0,0,0,4
"R","Giroux","Claude","28 CLAUDE GIROUX","Claude Giroux",515,513,0,0,4,0,0
"D","Grossmann","Nicklas","8 NICKLAS GROSSMANN","Nicklas Grossmann",516,514,0,0,0,3,0
"L","Laughton","Scott","49 SCOTT LAUGHTON","Scott Laughton",517,515,0,3,0,0,0
"C","Lecavalier","Vincent","40 VINCENT LECAVALIER","Vincent Lecavalier",518,516,3,0,0,0,0
"G","Mason","Steve","35 STEVE MASON","Steve Mason",519,517,0,0,0,0,2
"L","Raffl","Michael","12 MICHAEL RAFFL","Michael Raffl",520,518,0,3,0,0,0
"R","Read","Matt","24 MATT READ","Matt Read",521,519,0,0,4,0,0
"C","Schenn","Brayden","10 BRAYDEN SCHENN","Brayden Schenn",522,520,4,0,0,0,0
"D","Schenn","Luke","22 LUKE SCHENN","Luke Schenn",523,521,0,0,0,3,0
"D","Schultz","Nick","55 NICK SCHULTZ","Nick Schultz",524,522,0,0,0,4,0
"R","Simmonds","Wayne","17 WAYNE SIMMONDS","Wayne Simmonds",525,523,0,0,4,0,0
"D","Streit","Mark","32 MARK STREIT","Mark Streit",526,524,0,0,0,4,0
"C","Umberger","R.j.","18 R.J. UMBERGER","R.j. Umberger",527,525,4,0,0,0,0
"C","Vandevelde","Chris","76 CHRIS VANDEVELDE","Chris Vandevelde",528,526,4,0,0,0,0
"R","Voracek","Jakub","93 JAKUB VORACEK","Jakub Voracek",529,527,0,0,4,0,0
"G","Copley","Pheonix","1 PHEONIX COPLEY","Pheonix Copley",530,528,0,0,0,0,1
"G","Mrazek","Petr","34 PETR MRAZEK","Petr Mrazek",531,529,0,0,0,0,2
"D","Ouellet","Xavier","61 XAVIER OUELLET","Xavier Ouellet",532,530,0,0,0,1,0
"L","Pulkkinen","Teemu","56 TEEMU PULKKINEN","Teemu Pulkkinen",533,531,0,2,0,0,0
"C","Weiss","Stephen","90 STEPHEN WEISS","Stephen Weiss",534,532,2,0,0,0,0
"C","Rendulic","Borna","71 BORNA RENDULIC","Borna Rendulic",535,533,1,0,0,0,0
"D","Stuart","Brad","17 BRAD STUART","Brad Stuart",536,534,0,0,0,1,0
"G","Varlamov","Semyon","1 SEMYON VARLAMOV","Semyon Varlamov",537,535,0,0,0,0,1
"D","Colaiacovo","Carlo","26 CARLO COLAIACOVO","Carlo Colaiacovo",538,536,0,0,0,1,0
"D","MacDonald","Andrew","47 ANDREW MACDONALD","Andrew MacDonald",539,537,0,0,0,3,0
"G","Zepp","Rob","72 ROB ZEPP","Rob Zepp",540,538,0,0,0,0,2
"D","Bartley","Victor","64 VICTOR BARTLEY","Victor Bartley",541,539,0,0,0,1,0
"L","Beck","Taylor","41 TAYLOR BECK","Taylor Beck",542,540,0,2,0,0,0
"L","Bourque","Gabriel","57 GABRIEL BOURQUE","Gabriel Bourque",543,541,0,2,0,0,0
"C","Cullen","Matt","7 MATT CULLEN","Matt Cullen",544,542,1,0,0,0,0
"D","Ekholm","Mattias","14 MATTIAS EKHOLM","Mattias Ekholm",545,543,0,0,0,2,0
"C","Fisher","Mike","12 MIKE FISHER","Mike Fisher",546,544,2,0,0,0,0
"L","Forsberg","Filip","9 FILIP FORSBERG","Filip Forsberg",547,545,0,2,0,0,0
"C","Gaustad","Paul","28 PAUL GAUSTAD","Paul Gaustad",548,546,2,0,0,0,0
"G","Hutton","Carter","30 CARTER HUTTON","Carter Hutton",549,547,0,0,0,0,2
"C","Jarnkrok","Calle","19 CALLE JARNKROK","Calle Jarnkrok",550,548,2,0,0,0,0
"C","Jokinen","Olli","13 OLLI JOKINEN","Olli Jokinen",551,549,1,0,0,0,0
"D","Jones","Seth","3 SETH JONES","Seth Jones",552,550,0,0,0,2,0
"D","Josi","Roman","59 ROMAN JOSI","Roman Josi",553,551,0,0,0,2,0
"G","Mazanec","Marek","39 MAREK MAZANEC","Marek Mazanec",554,552,0,0,0,0,1
"L","Neal","James","18 JAMES NEAL","James Neal",555,553,0,1,0,0,0
"C","Ribeiro","Mike","63 MIKE RIBEIRO","Mike Ribeiro",556,554,2,0,0,0,0
"C","Smith","Craig","15 CRAIG SMITH","Craig Smith",557,555,2,0,0,0,0
"D","Volchenkov","Anton","20 ANTON VOLCHENKOV","Anton Volchenkov",558,556,0,0,0,2,0
"D","Weber","Shea","6 SHEA WEBER","Shea Weber",559,557,0,0,0,1,0
"C","Wilson","Colin","33 COLIN WILSON","Colin Wilson",560,558,2,0,0,0,0
"L","Benn","Jamie","14 JAMIE BENN","Jamie Benn",561,559,0,2,0,0,0
"D","Benn","Jordie","24 JORDIE BENN","Jordie Benn",562,560,0,0,0,2,0
"L","Cole","Erik","72 ERIK COLE","Erik Cole",563,561,0,1,0,0,0
"C","Eakin","Cody","20 CODY EAKIN","Cody Eakin",565,562,2,0,0,0,0
"L","Fiddler","Vernon","38 VERNON FIDDLER","Vernon Fiddler",566,563,0,2,0,0,0
"C","Garbutt","Ryan","16 RYAN GARBUTT","Ryan Garbutt",567,564,1,0,0,0,0
"D","Goligoski","Alex","33 ALEX GOLIGOSKI","Alex Goligoski",568,565,0,0,0,2,0
"R","Hemsky","Ales","83 ALES HEMSKY","Ales Hemsky",569,566,0,0,2,0,0
"C","Horcoff","Shawn","10 SHAWN HORCOFF","Shawn Horcoff",570,567,2,0,0,0,0
"D","Jokipakka","Jyrki","2 JYRKI JOKIPAKKA","Jyrki Jokipakka",571,568,0,0,0,2,0
"D","Klingberg","John","3 JOHN KLINGBERG","John Klingberg",572,569,0,0,0,1,0
"G","Lehtonen","Kari","32 KARI LEHTONEN","Kari Lehtonen",573,570,0,0,0,0,2
"G","Lindback","Anders","29 ANDERS LINDBACK","Anders Lindback",574,571,0,0,0,0,1
"D","Oleksiak","Jamie","5 JAMIE OLEKSIAK","Jamie Oleksiak",576,572,0,0,0,2,0
"L","Roussel","Antoine","21 ANTOINE ROUSSEL","Antoine Roussel",577,573,0,2,0,0,0
"C","Sceviour","Colton","22 COLTON SCEVIOUR","Colton Sceviour",578,574,2,0,0,0,0
"C","Seguin","Tyler","91 TYLER SEGUIN","Tyler Seguin",579,575,2,0,0,0,0
"C","Spezza","Jason","90 JASON SPEZZA","Jason Spezza",580,576,2,0,0,0,0
"G","Fasth","Viktor","35 VIKTOR FASTH","Viktor Fasth",581,577,0,0,0,0,1
"D","Klefbom","Oscar","84 OSCAR KLEFBOM","Oscar Klefbom",583,578,0,0,0,1,0
"C","Lander","Anton","51 ANTON LANDER","Anton Lander",585,579,1,0,0,0,0
"C","Roy","Derek","8 DEREK ROY","Derek Roy",586,580,1,0,0,0,0
"R","Anderson","Josh","53 JOSH ANDERSON","Josh Anderson",587,581,0,0,1,0,0
"C","Letestu","Mark","55 MARK LETESTU","Mark Letestu",588,582,2,0,0,0,0
"R","Adams","Craig","27 CRAIG ADAMS","Craig Adams",589,583,0,0,3,0,0
"R","Bennett","Beau","19 BEAU BENNETT","Beau Bennett",590,584,0,0,3,0,0
"R","Downie","Steve","23 STEVE DOWNIE","Steve Downie",591,585,0,0,3,0,0
"D","Ehrhoff","Christian","10 CHRISTIAN EHRHOFF","Christian Ehrhoff",592,586,0,0,0,2,0
"G","Greiss","Thomas","1 THOMAS GREISS","Thomas Greiss",593,587,0,0,0,0,3
"D","Martin","Paul","7 PAUL MARTIN","Paul Martin",594,588,0,0,0,3,0
"C","Sill","Zach","38 ZACH SILL","Zach Sill",596,589,1,0,0,0,0
"L","Bournival","Michael","49 MICHAEL BOURNIVAL","Michael Bournival",597,590,0,1,0,0,0
"D","Gonchar","Sergei","55 SERGEI GONCHAR","Sergei Gonchar",598,591,0,0,0,1,0
"L","Thomas","Christian","60 CHRISTIAN THOMAS","Christian Thomas",599,592,0,1,0,0,0
"R","Weise","Dale","22 DALE WEISE","Dale Weise",600,593,0,0,2,0,0
"R","Jaskin","Dmitrij","23 DMITRIJ JASKIN","Dmitrij Jaskin",601,594,0,0,1,0,0
"R","Rattie","Ty","18 TY RATTIE","Ty Rattie",602,595,0,0,1,0,0
"C","Andreoff","Andy","15 ANDY ANDREOFF","Andy Andreoff",603,596,1,0,0,0,0
"L","Brown","Dustin","23 DUSTIN BROWN","Dustin Brown",604,597,0,2,0,0,0
"C","Carter","Jeff","77 JEFF CARTER","Jeff Carter",605,598,2,0,0,0,0
"L","Clifford","Kyle","13 KYLE CLIFFORD","Kyle Clifford",606,599,0,2,0,0,0
"D","Doughty","Drew","8 DREW DOUGHTY","Drew Doughty",607,600,0,0,0,2,0
"R","Gaborik","Marian","12 MARIAN GABORIK","Marian Gaborik",608,601,0,0,2,0,0
"D","Greene","Matt","2 MATT GREENE","Matt Greene",609,602,0,0,0,2,0
"G","Jones","Martin","31 MARTIN JONES","Martin Jones",610,603,0,0,0,0,2
"L","King","Dwight","74 DWIGHT KING","Dwight King",611,604,0,2,0,0,0
"C","Kopitar","Anze","11 ANZE KOPITAR","Anze Kopitar",612,605,2,0,0,0,0
"C","Lewis","Trevor","22 TREVOR LEWIS","Trevor Lewis",613,606,2,0,0,0,0
"D","Martinez","Alec","27 ALEC MARTINEZ","Alec Martinez",614,607,0,0,0,1,0
"D","McNabb","Brayden","3 BRAYDEN MCNABB","Brayden McNabb",615,608,0,0,0,2,0
"D","Muzzin","Jake","6 JAKE MUZZIN","Jake Muzzin",616,609,0,0,0,2,0
"C","Nolan","Jordan","71 JORDAN NOLAN","Jordan Nolan",617,610,2,0,0,0,0
"G","Quick","Jonathan","32 JONATHAN QUICK","Jonathan Quick",618,611,0,0,0,0,2
"D","Regehr","Robyn","44 ROBYN REGEHR","Robyn Regehr",619,612,0,0,0,2,0
"C","Stoll","Jarret","28 JARRET STOLL","Jarret Stoll",620,613,2,0,0,0,0
"C","Toffoli","Tyler","73 TYLER TOFFOLI","Tyler Toffoli",621,614,2,0,0,0,0
"L","Volpatti","Aaron","17 AARON VOLPATTI","Aaron Volpatti",622,615,0,2,0,0,0
"R","Williams","Justin","14 JUSTIN WILLIAMS","Justin Williams",623,616,0,0,2,0,0
"G","Hammond","Andrew","30 ANDREW HAMMOND","Andrew Hammond",624,617,0,0,0,0,2
"C","Lazar","Curtis","27 CURTIS LAZAR","Curtis Lazar",625,618,2,0,0,0,0
"D","Methot","Marc","3 MARC METHOT","Marc Methot",626,619,0,0,0,2,0
"R","Neil","Chris","25 CHRIS NEIL","Chris Neil",627,620,0,0,1,0,0
"D","Phillips","Chris","4 CHRIS PHILLIPS","Chris Phillips",628,621,0,0,0,1,0
"G","Andersen","Frederik","31 FREDERIK ANDERSEN","Frederik Andersen",629,622,0,0,0,0,1
"D","Beauchemin","Francois","23 FRANCOIS BEAUCHEMIN","Francois Beauchemin",630,623,0,0,0,2,0
"L","Beleskey","Matt","39 MATT BELESKEY","Matt Beleskey",631,624,0,2,0,0,0
"G","Bryzgalov","Ilya","80 ILYA BRYZGALOV","Ilya Bryzgalov",633,625,0,0,0,0,2
"C","Cogliano","Andrew","7 ANDREW COGLIANO","Andrew Cogliano",634,626,2,0,0,0,0
"D","Fowler","Cam","4 CAM FOWLER","Cam Fowler",635,627,0,0,0,2,0
"G","Grubauer","Philipp","31 PHILIPP GRUBAUER","Philipp Grubauer",636,628,0,0,0,0,3
"R","Jackman","Tim","18 TIM JACKMAN","Tim Jackman",637,629,0,0,2,0,0
"C","Karlsson","William","38 WILLIAM KARLSSON","William Karlsson",638,630,1,0,0,0,0
"C","Kesler","Ryan","17 RYAN KESLER","Ryan Kesler",639,631,2,0,0,0,0
"D","Lindholm","Hampus","47 HAMPUS LINDHOLM","Hampus Lindholm",640,632,0,0,0,2,0
"D","Lovejoy","Ben","6 BEN LOVEJOY","Ben Lovejoy",641,633,0,0,0,2,0
"L","Maroon","Patrick","19 PATRICK MAROON","Patrick Maroon",642,634,0,2,0,0,0
"R","Perry","Corey","10 COREY PERRY","Corey Perry",643,635,0,0,2,0,0
"R","Rakell","Rickard","67 RICKARD RAKELL","Rickard Rakell",644,636,0,0,2,0,0
"D","Schilling","Cameron","45 CAMERON SCHILLING","Cameron Schilling",645,637,0,0,0,4,0
"R","Silfverberg","Jakob","33 JAKOB SILFVERBERG","Jakob Silfverberg",646,638,0,0,2,0,0
"R","Smith-Pelly","Devante","12 DEVANTE SMITH-PELLY","Devante Smith-Pelly",647,639,0,0,2,0,0
"D","Stoner","Clayton","3 CLAYTON STONER","Clayton Stoner",648,640,0,0,0,2,0
"C","Thompson","Nate","44 NATE THOMPSON","Nate Thompson",649,641,2,0,0,0,0
"D","Vatanen","Sami","45 SAMI VATANEN","Sami Vatanen",650,642,0,0,0,2,0
"C","White","Ryan","25 RYAN WHITE","Ryan White",651,643,2,0,0,0,0
"D","Dillon","Brenden","4 BRENDEN DILLON","Brenden Dillon",652,644,0,0,0,1,0
"C","Goodrow","Barclay","89 BARCLAY GOODROW","Barclay Goodrow",653,645,1,0,0,0,0
"C","Karlsson","Melker","68 MELKER KARLSSON","Melker Karlsson",654,646,1,0,0,0,0
"D","Mueller","Mirco","41 MIRCO MUELLER","Mirco Mueller",655,647,0,0,0,1,0
"C","Sheppard","James","15 JAMES SHEPPARD","James Sheppard",656,648,1,0,0,0,0
"D","Tennyson","Matt","80 MATT TENNYSON","Matt Tennyson",657,649,0,0,0,1,0
"D","McBain","Jamie","5 JAMIE MCBAIN","Jamie McBain",658,650,0,0,0,1,0
"D","Oleksy","Steve","61 STEVE OLEKSY","Steve Oleksy",659,651,0,0,0,1,0
"C","Shore","Nick","37 NICK SHORE","Nick Shore",660,652,1,0,0,0,0
"C","Getzlaf","Ryan","15 RYAN GETZLAF","Ryan Getzlaf",661,653,1,0,0,0,0
"G","Gibson","John","36 JOHN GIBSON","John Gibson",662,654,0,0,0,0,1
"C","Palmieri","Kyle","21 KYLE PALMIERI","Kyle Palmieri",663,655,1,0,0,0,0
"L","Comeau","Blake","17 BLAKE COMEAU","Blake Comeau",664,656,0,2,0,0,0
"D","Byfuglien","Dustin","33 DUSTIN BYFUGLIEN","Dustin Byfuglien",665,657,0,0,0,1,0
"D","Chiarot","Ben","63 BEN CHIAROT","Ben Chiarot",666,658,0,0,0,1,0
"D","Enstrom","Tobias","39 TOBY ENSTROM","Tobias Enstrom",667,659,0,0,0,2,0
"R","Frolik","Michael","67 MICHAEL FROLIK","Michael Frolik",668,660,0,0,2,0,0
"L","Galiardi","T.j.","21 TJ GALIARDI","T.j. Galiardi",669,661,0,1,0,0,0
"G","Hutchinson","Michael","34 MICHAEL HUTCHINSON","Michael Hutchinson",670,662,0,0,0,0,2
"L","Ladd","Andrew","16 ANDREW LADD","Andrew Ladd",671,663,0,2,0,0,0
"C","Little","Bryan","18 BRYAN LITTLE","Bryan Little",672,664,1,0,0,0,0
"L","Lowry","Adam","17 ADAM LOWRY","Adam Lowry",673,665,0,2,0,0,0
"D","Pardy","Adam","2 ADAM PARDY","Adam Pardy",674,666,0,0,0,2,0
"G","Pavelec","Ondrej","31 ONDREJ PAVELEC","Ondrej Pavelec",675,667,0,0,0,0,2
"R","Peluso","Anthony","14 ANTHONY PELUSO","Anthony Peluso",676,668,0,0,1,0,0
"C","Scheifele","Mark","55 MARK SCHEIFELE","Mark Scheifele",677,669,2,0,0,0,0
"C","Slater","Jim","19 JIM SLATER","Jim Slater",678,670,2,0,0,0,0
"D","Stuart","Mark","5 MARK STUART","Mark Stuart",680,671,0,0,0,2,0
"R","Thorburn","Chris","22 CHRIS THORBURN","Chris Thorburn",681,672,0,0,2,0,0
"D","Trouba","Jacob","8 JACOB TROUBA","Jacob Trouba",682,673,0,0,0,2,0
"R","Wheeler","Blake","26 BLAKE WHEELER","Blake Wheeler",683,674,0,0,2,0,0
"R","Grabner","Michael","40 MICHAEL GRABNER","Michael Grabner",684,675,0,0,1,0,0
"R","McDonald","Colin","13 COLIN MCDONALD","Colin McDonald",685,676,0,0,1,0,0
"L","Mouillierat","Kael","48 KAEL MOUILLIERAT","Kael Mouillierat",686,677,0,1,0,0,0
"C","Rinaldo","Zac","36 ZAC RINALDO","Zac Rinaldo",687,678,1,0,0,0,0
"C","Staal","Jordan","11 JORDAN STAAL","Jordan Staal",688,679,2,0,0,0,0
"R","Kozun","Brandon","67 BRANDON KOZUN","Brandon Kozun",690,680,0,0,1,0,0
"C","Anisimov","Artem","42 ARTEM ANISIMOV","Artem Anisimov",692,681,1,0,0,0,0
"C","Dano","Marko","56 MARKO DANO","Marko Dano",694,682,1,0,0,0,0
"D","Falk","Justin","44 JUSTIN FALK","Justin Falk",695,683,0,0,0,1,0
"D","Goloubef","Cody","29 CODY GOLOUBEF","Cody Goloubef",697,684,0,0,0,1,0
"G","Backstrom","Niklas","32 NIKLAS BACKSTROM","Niklas Backstrom",698,685,0,0,0,0,1
"D","Brodin","Jonas","25 JONAS BRODIN","Jonas Brodin",700,686,0,0,0,2,0
"C","Brodziak","Kyle","21 KYLE BRODZIAK","Kyle Brodziak",701,687,2,0,0,0,0
"C","Coyle","Charlie","3 CHARLIE COYLE","Charlie Coyle",702,688,2,0,0,0,0
"D","Dumba","Matt","55 MATT DUMBA","Matt Dumba",703,689,0,0,0,2,0
"D","Folin","Christian","5 CHRISTIAN FOLIN","Christian Folin",704,690,0,0,0,2,0
"R","Fontaine","Justin","14 JUSTIN FONTAINE","Justin Fontaine",705,691,0,0,2,0,0
"C","Granlund","Mikael","64 MIKAEL GRANLUND","Mikael Granlund",706,692,2,0,0,0,0
"L","Haula","Erik","56 ERIK HAULA","Erik Haula",707,693,0,2,0,0,0
"C","Koivu","Mikko","9 MIKKO KOIVU","Mikko Koivu",708,694,2,0,0,0,0
"L","Parise","Zach","11 ZACH PARISE","Zach Parise",710,695,0,2,0,0,0
"R","Pominville","Jason","29 JASON POMINVILLE","Jason Pominville",711,696,0,0,2,0,0
"D","Prosser","Nate","39 NATE PROSSER","Nate Prosser",712,697,0,0,0,1,0
"C","Schroeder","Jordan","10 JORDAN SCHROEDER","Jordan Schroeder",713,698,1,0,0,0,0
"D","Suter","Ryan","20 RYAN SUTER","Ryan Suter",715,699,0,0,0,2,0
"L","Vanek","Thomas","26 THOMAS VANEK","Thomas Vanek",716,700,0,2,0,0,0
"D","Benoit","Andre","61 ANDRE BENOIT","Andre Benoit",717,701,0,0,0,2,0
"D","Bogosian","Zach","47 ZACH BOGOSIAN","Zach Bogosian",718,702,0,0,0,1,0
"R","D'amigo","Jerry","49 JERRY D'AMIGO","Jerry D'amigo",719,703,0,0,2,0,0
"C","Dalpe","Zac","20 ZAC DALPE","Zac Dalpe",720,704,2,0,0,0,0
"L","Ellis","Matt","37 MATT ELLIS","Matt Ellis",721,705,0,2,0,0,0
"G","Hackett","Matt","31 MATT HACKETT","Matt Hackett",722,706,0,0,0,0,2
"L","Larsson","Johan","22 JOHAN LARSSON","Johan Larsson",723,707,0,2,0,0,0
"C","Schaller","Tim","59 TIM SCHALLER","Tim Schaller",725,708,2,0,0,0,0
"C","Varone","Philip","84 PHILIP VARONE","Philip Varone",726,709,2,0,0,0,0
"G","Skapski","Mackenzie","70 MACKENZIE SKAPSKI","Mackenzie Skapski",727,710,0,0,0,0,1
"R","Eaves","Patrick","18 PATRICK EAVES","Patrick Eaves",729,711,0,0,1,0,0
"L","McKenzie","Curtis","11 CURTIS MCKENZIE","Curtis McKenzie",730,712,0,1,0,0,0
"D","Nemeth","Patrik","37 PATRIK NEMETH","Patrik Nemeth",731,713,0,0,0,1,0
"R","Ritchie","Brett","25 BRETT RITCHIE","Brett Ritchie",732,714,0,0,1,0,0
"D","Bartkowski","Matt","43 MATT BARTKOWSKI","Matt Bartkowski",733,715,0,0,0,2,0
"C","Campbell","Gregory","11 GREGORY CAMPBELL","Gregory Campbell",734,716,2,0,0,0,0
"R","Conner","Chris","23 CHRIS CONNER","Chris Conner",735,717,0,0,2,0,0
"R","Pastrnak","David","88 DAVID PASTRNAK","David Pastrnak",736,718,0,0,2,0,0
"C","Talbot","Max","25 MAX TALBOT","Max Talbot",737,719,1,0,0,0,0
"D","Ruhwedel","Chad","5 CHAD RUHWEDEL","Chad Ruhwedel",738,720,0,0,0,1,0
"G","Kuemper","Darcy","35 DARCY KUEMPER","Darcy Kuemper",739,721,0,0,0,0,1
"R","Niederreiter","Nino","22 NINO NIEDERREITER","Nino Niederreiter",740,722,0,0,1,0,0
"D","Spurgeon","Jared","46 JARED SPURGEON","Jared Spurgeon",741,723,0,0,0,1,0
"R","Halischuk","Matt","15 MATT HALISCHUK","Matt Halischuk",742,724,0,0,1,0,0
"C","O'dell","Eric","58 ERIC O'DELL","Eric O'dell",744,725,1,0,0,0,0
"R","Stempniak","Lee","20 LEE STEMPNIAK","Lee Stempniak",745,726,0,0,1,0,0
"C","Boucher","Reid","12 REID BOUCHER","Reid Boucher",747,727,1,0,0,0,0
"D","Fraser","Mark","32 MARK FRASER","Mark Fraser",748,728,0,0,0,1,0
"L","Arvidsson","Viktor","38 VIKTOR ARVIDSSON","Viktor Arvidsson",749,729,0,1,0,0,0
"D","Ellis","Ryan","4 RYAN ELLIS","Ryan Ellis",750,730,0,0,0,1,0
"G","Rinne","Pekka","35 PEKKA RINNE","Pekka Rinne",752,731,0,0,0,0,1
"L","Stalberg","Viktor","25 VIKTOR STALBERG","Viktor Stalberg",754,732,0,1,0,0,0
"D","Biega","Danny","41 DANNY BIEGA","Danny Biega",757,733,0,0,0,1,0
"D","Murphy","Ryan","7 RYAN MURPHY","Ryan Murphy",758,734,0,0,0,1,0
"L","Terry","Chris","25 CHRIS TERRY","Chris Terry",759,735,0,1,0,0,0
"L","De la rose","Jacob","25 JACOB DE LA ROSE","Jacob De la rose",760,736,0,1,0,0,0
"C","Smith","Zack","15 ZACK SMITH","Zack Smith",763,737,1,0,0,0,0
"R","Cleary","Daniel","11 DANIEL CLEARY","Daniel Cleary",764,738,0,0,1,0,0
"R","Galiev","Stanislav","49 STANISLAV GALIEV","Stanislav Galiev",766,739,0,0,2,0,0
"C","Krejci","David","46 DAVID KREJCI","David Krejci",767,740,1,0,0,0,0
"D","Trotman","Zach","62 ZACH TROTMAN","Zach Trotman",768,741,0,0,0,1,0
